{"cameraMode":{"drawMode":0,"name":"Shaded","section":"Shading Mode"},"sceneLighting":false,"audioPlay":false,"sceneViewState":{"m_AlwaysRefresh":false,"showFog":true,"showSkybox":false,"showFlares":true,"showImageEffects":true,"showParticleSystems":true,"showVisualEffectGraphs":true,"m_FxEnabled":true},"in2DMode":false,"pivot":{"x":-0.41442084312438967,"y":0.40244439244270327,"z":1.380500078201294},"rotation":{"x":-0.035269785672426227,"y":0.704956591129303,"z":-0.03514325991272926,"w":-0.7075003385543823},"size":0.4871005415916443,"orthographic":false}