{"cameraMode":{"drawMode":0,"name":"Shaded","section":"Shading Mode"},"sceneLighting":true,"audioPlay":false,"sceneViewState":{"m_AlwaysRefresh":false,"showFog":true,"showSkybox":true,"showFlares":true,"showImageEffects":true,"showParticleSystems":true,"showVisualEffectGraphs":true,"m_FxEnabled":true},"in2DMode":false,"pivot":{"x":-1.2912039756774903,"y":-2.2365784645080568,"z":3.135592460632324},"rotation":{"x":-0.31254684925079348,"y":-0.04926762357354164,"z":0.016265755519270898,"w":-0.9485130310058594},"size":4.132686614990234,"orthographic":false}