{"cameraMode":{"drawMode":0,"name":"Shaded","section":"Shading Mode"},"sceneLighting":true,"audioPlay":false,"sceneViewState":{"m_AlwaysRefresh":false,"showFog":true,"showSkybox":true,"showFlares":true,"showImageEffects":true,"showParticleSystems":true,"showVisualEffectGraphs":true,"m_FxEnabled":true},"in2DMode":false,"pivot":{"x":0.3743107318878174,"y":3.0727407932281496,"z":0.8159650564193726},"rotation":{"x":-0.15313248336315156,"y":-0.17772656679153443,"z":0.02803083322942257,"w":-0.9717090725898743},"size":1.5109269618988038,"orthographic":false}