{"cameraMode":{"drawMode":0,"name":"Shaded","section":"Shading Mode"},"sceneLighting":true,"audioPlay":false,"sceneViewState":{"m_AlwaysRefresh":false,"showFog":true,"showSkybox":true,"showFlares":true,"showImageEffects":true,"showParticleSystems":true,"showVisualEffectGraphs":true,"m_FxEnabled":true},"in2DMode":false,"pivot":{"x":-3.195768356323242,"y":-0.07010769098997116,"z":3.2023894786834719},"rotation":{"x":-0.016610432416200639,"y":0.4205183982849121,"z":-0.007700727321207523,"w":-0.9070931673049927},"size":2.694596290588379,"orthographic":false}