{"cameraMode":{"drawMode":0,"name":"Shaded","section":"Shading Mode"},"sceneLighting":true,"audioPlay":false,"sceneViewState":{"m_AlwaysRefresh":false,"showFog":true,"showSkybox":true,"showFlares":true,"showImageEffects":true,"showParticleSystems":true,"showVisualEffectGraphs":true,"m_FxEnabled":true},"in2DMode":false,"pivot":{"x":-0.4589933156967163,"y":-1.3224372863769532,"z":5.866861343383789},"rotation":{"x":-0.2626688480377197,"y":-0.012449441477656365,"z":0.003389152465388179,"w":-0.9648016095161438},"size":8.880309104919434,"orthographic":false}