{"cameraMode":{"drawMode":0,"name":"Shaded","section":"Shading Mode"},"sceneLighting":true,"audioPlay":false,"sceneViewState":{"m_AlwaysRefresh":false,"showFog":true,"showSkybox":true,"showFlares":true,"showImageEffects":true,"showParticleSystems":true,"showVisualEffectGraphs":true,"m_FxEnabled":true},"in2DMode":false,"pivot":{"x":0.001110994373448193,"y":0.42249149084091189,"z":0.3842141032218933},"rotation":{"x":-0.24009111523628236,"y":-0.3156183362007141,"z":0.08290378749370575,"w":-0.914283275604248},"size":2.9292092323303224,"orthographic":false}